experiment_id,best_segment,best_lift,worst_segment,worst_lift,lift_range,hte_detected,rollout_strategy
EXP-002,Healthy,0.061376019977993135,Critical,-0.026637077770585993,0.08801309774857913,True,INCLUDE: Healthy
EXP-003,At Risk,0.0774153045702558,Healthy,-0.015289937165282041,0.09270524173553785,True,INCLUDE: At Risk
EXP-004,Healthy,0.06204728349118349,At Risk,0.031303886579116424,0.030743396912067067,True,MIXED / MONITOR
EXP-005,Healthy,0.09389408024119505,At Risk,0.0165097721258185,0.07738430811537655,True,INCLUDE: Healthy
EXP-006,Stable,0.06415371226676458,At Risk,-0.013298789595625915,0.0774525018623905,True,INCLUDE: Stable
